Workbook

Sheet raw
A1: Category | B1: 45108 | C1: 45474 | D1: 45839 | E1: 45139 | F1: 45505 | G1: 45870 | H1: 45170 | I1: 45536 | J1: 45901
A2: Rice | B2: 40.52 | C2: =AVERAGE('[1]July 2024'!B2:AF2) -> 44.542258 | D2: =AVERAGE('[1]July 2025'!B2:AF2) -> 42.512258 | E2: 41.556667 | F2: =AVERAGE('[1]Aug 2024'!B2:AF2) -> 43.647097 | G2: =AVERAGE('[1]Aug 2025'!B2:AF2) -> 42.595806 | H2: 42.106667 | I2: =AVERAGE('[1]Sept 2024'!B2:D2) -> 43.22 | J2: =AVERAGE('[1]Sept 2025'!B2:D2) -> 43.076667
A3: Wheat | B3: 29.496667 | C3: =AVERAGE('[1]July 2024'!B3:AF3) -> 31.243871 | D3: =AVERAGE('[1]July 2025'!B3:AF3) -> 31.323871 | E3: 29.74 | F3: =AVERAGE('[1]Aug 2024'!B3:AF3) -> 30.822581 | G3: =AVERAGE('[1]Aug 2025'!B3:AF3) -> 31.563871 | H3: 30.063333 | I3: =AVERAGE('[1]Sept 2024'!B3:D3) -> 31.186667 | J3: =AVERAGE('[1]Sept 2025'!B3:D3) -> 31.716667
A4: Atta (Wheat) | B4: 34.843333 | C4: =AVERAGE('[1]July 2024'!B4:AF4) -> 36.109677 | D4: =AVERAGE('[1]July 2025'!B4:AF4) -> 36.72871 | E4: 35.056667 | F4: =AVERAGE('[1]Aug 2024'!B4:AF4) -> 35.740323 | G4: =AVERAGE('[1]Aug 2025'!B4:AF4) -> 36.89871 | H4: 35.45 | I4: =AVERAGE('[1]Sept 2024'!B4:D4) -> 36.246667 | J4: =AVERAGE('[1]Sept 2025'!B4:D4) -> 36.96
A5: Gram Dal | B5: 74.983333 | C5: =AVERAGE('[1]July 2024'!B5:AF5) -> 88.793226 | D5: =AVERAGE('[1]July 2025'!B5:AF5) -> 85.96129 | E5: 76.253333 | F5: =AVERAGE('[1]Aug 2024'!B5:AF5) -> 89.452258 | G5: =AVERAGE('[1]Aug 2025'!B5:AF5) -> 86.926452 | H5: 80.293333 | I5: =AVERAGE('[1]Sept 2024'!B5:D5) -> 90.233333 | J5: =AVERAGE('[1]Sept 2025'!B5:D5) -> 87.28
A6: Tur/Arhar Dal | B6: 134.21667 | C6: =AVERAGE('[1]July 2024'!B6:AF6) -> 167.24097 | D6: =AVERAGE('[1]July 2025'!B6:AF6) -> 119.66935 | E6: 138.14667 | F6: =AVERAGE('[1]Aug 2024'!B6:AF6) -> 165.60129 | G6: =AVERAGE('[1]Aug 2025'!B6:AF6) -> 117.49226 | H6: 146.02333 | I6: =AVERAGE('[1]Sept 2024'!B6:D6) -> 147.52333 | J6: =AVERAGE('[1]Sept 2025'!B6:D6) -> 116.38
A7: Urad Dal | B7: 113.63333 | C7: =AVERAGE('[1]July 2024'!B7:AF7) -> 127.06 | D7: =AVERAGE('[1]July 2025'!B7:AF7) -> 115.04194 | E7: 114.95333 | F7: =AVERAGE('[1]Aug 2024'!B7:AF7) -> 125.41677 | G7: =AVERAGE('[1]Aug 2025'!B7:AF7) -> 114.33226 | H7: 117.07667 | I7: =AVERAGE('[1]Sept 2024'!B7:D7) -> 120.79 | J7: =AVERAGE('[1]Sept 2025'!B7:D7) -> 114.17
A8: Moong Dal | B8: 110.61 | C8: =AVERAGE('[1]July 2024'!B8:AF8) -> 118.32871 | D8: =AVERAGE('[1]July 2025'!B8:AF8) -> 110.48355 | E8: 111.29333 | F8: =AVERAGE('[1]Aug 2024'!B8:AF8) -> 116.34677 | G8: =AVERAGE('[1]Aug 2025'!B8:AF8) -> 110.29323 | H8: 113.44667 | I8: =AVERAGE('[1]Sept 2024'!B8:D8) -> 113.18667 | J8: =AVERAGE('[1]Sept 2025'!B8:D8) -> 110.48333
A9: Masoor Dal | B9: 91.926667 | C9: =AVERAGE('[1]July 2024'!B9:AF9) -> 93.229355 | D9: =AVERAGE('[1]July 2025'!B9:AF9) -> 88.076774 | E9: 92.143333 | F9: =AVERAGE('[1]Aug 2024'!B9:AF9) -> 90.226774 | G9: =AVERAGE('[1]Aug 2025'!B9:AF9) -> 88.914194 | H9: 93.193333 | I9: =AVERAGE('[1]Sept 2024'!B9:D9) -> 89.293333 | J9: =AVERAGE('[1]Sept 2025'!B9:D9) -> 89.576667
A10: Sugar | B10: 43 | C10: =AVERAGE('[1]July 2024'!B10:AF10) -> 44.850323 | D10: =AVERAGE('[1]July 2025'!B10:AF10) -> 45.926129 | E10: 43.21 | F10: =AVERAGE('[1]Aug 2024'!B10:AF10) -> 44.816452 | G10: =AVERAGE('[1]Aug 2025'!B10:AF10) -> 46.183226 | H10: 43.576667 | I10: =AVERAGE('[1]Sept 2024'!B10:D10) -> 45.036667 | J10: =AVERAGE('[1]Sept 2025'!B10:D10) -> 46.443333
A11: Milk @ | B11: 57.853333 | C11: =AVERAGE('[1]July 2024'!B11:AF11) -> 59.205161 | D11: =AVERAGE('[1]July 2025'!B11:AF11) -> 59.017097 | E11: 57.873333 | F11: =AVERAGE('[1]Aug 2024'!B11:AF11) -> 59.199677 | G11: =AVERAGE('[1]Aug 2025'!B11:AF11) -> 59.062903 | H11: 58.193333 | I11: =AVERAGE('[1]Sept 2024'!B11:D11) -> 58.67 | J11: =AVERAGE('[1]Sept 2025'!B11:D11) -> 59.336667
A12: Groundnut Oil (Packed) | B12: 189.66333 | C12: =AVERAGE('[1]July 2024'!B12:AF12) -> 187.97903 | D12: =AVERAGE('[1]July 2025'!B12:AF12) -> 187.81258 | E12: 190.08333 | F12: =AVERAGE('[1]Aug 2024'!B12:AF12) -> 184.01323 | G12: =AVERAGE('[1]Aug 2025'!B12:AF12) -> 187.97129 | H12: 192.33667 | I12: =AVERAGE('[1]Sept 2024'!B12:D12) -> 182.61333 | J12: =AVERAGE('[1]Sept 2025'!B12:D12) -> 188.04667
A13: Mustard Oil (Packed) | B13: 140.73667 | C13: =AVERAGE('[1]July 2024'!B13:AF13) -> 140.55903 | D13: =AVERAGE('[1]July 2025'!B13:AF13) -> 178.87581 | E13: 140.34 | F13: =AVERAGE('[1]Aug 2024'!B13:AF13) -> 139.85387 | G13: =AVERAGE('[1]Aug 2025'!B13:AF13) -> 187.32935 | H13: 140.02667 | I13: =AVERAGE('[1]Sept 2024'!B13:D13) -> 156.50333 | J13: =AVERAGE('[1]Sept 2025'!B13:D13) -> 188.23
... A23: Tomato | B23: 103.69667 | C23: =AVERAGE('[1]July 2024'!B23:AF23) -> 65.767419 | D23: =AVERAGE('[1]July 2025'!B23:AF23) -> 42.223548 | E23: 99.353333 | F23: =AVERAGE('[1]Aug 2024'!B23:AF23) -> 50.349032 | G23: =AVERAGE('[1]Aug 2025'!B23:AF23) -> 52.675161 | H23: 40.883333 | I23: =AVERAGE('[1]Sept 2024'!B23:D23) -> 40.56 | J23: =AVERAGE('[1]Sept 2025'!B23:D23) -> 43.183333

Sheet calc
B1: Growth Factor
B2: 45474 | C2: 45505 | D2: 45536 | E2: 45839 | F2: 45870 | G2: 45901
A3: Rice | B3: =raw!C2/raw!B2 -> 1.099266 | C3: =raw!F2/raw!E2 -> 1.0503031 | D3: =raw!I2/raw!H2 -> 1.0264408 | E3: =raw!D2/raw!C2 -> 0.9544253 | F3: =raw!G2/raw!F2 -> 0.97591385 | G3: =raw!J2/raw!I2 -> 0.99668363
A4: Wheat | B4: =raw!C3/raw!B3 -> 1.059234 | C4: =raw!F3/raw!E3 -> 1.0364015 | D4: =raw!I3/raw!H3 -> 1.0373656 | E4: =raw!D3/raw!C3 -> 1.0025605 | F4: =raw!G3/raw!F3 -> 1.0240502 | G4: =raw!J3/raw!I3 -> 1.0169944
A5: Atta (Wheat) | B5: =raw!C4/raw!B4 -> 1.0363439 | C5: =raw!F4/raw!E4 -> 1.0195015 | D5: =raw!I4/raw!H4 -> 1.022473 | E5: =raw!D4/raw!C4 -> 1.0171431 | F5: =raw!G4/raw!F4 -> 1.0324112 | G5: =raw!J4/raw!I4 -> 1.01968
A6: Cereals and Products | B6: =AVERAGE(B3:B5) -> 1.064948 | C6: =AVERAGE(C3:C5) -> 1.035402 | D6: =AVERAGE(D3:D5) -> 1.0287598 | E6: =AVERAGE(E3:E5) -> 0.99137631 | F6: =AVERAGE(F3:F5) -> 1.0107918 | G6: =AVERAGE(G3:G5) -> 1.0111193
A8: Gram Dal | B8: =raw!C5/raw!B5 -> 1.1841728 | C8: =raw!F5/raw!E5 -> 1.1730931 | D8: =raw!I5/raw!H5 -> 1.1237961 | E8: =raw!D5/raw!C5 -> 0.9681064 | F8: =raw!G5/raw!F5 -> 0.97176364 | G8: =raw!J5/raw!I5 -> 0.96727004
A9: Tur/Arhar Dal | B9: =raw!C6/raw!B6 -> 1.2460522 | C9: =raw!F6/raw!E6 -> 1.1987353 | D9: =raw!I6/raw!H6 -> 1.0102723 | E9: =raw!D6/raw!C6 -> 0.71555048 | F9: =raw!G6/raw!F6 -> 0.70948878 | G9: =raw!J6/raw!I6 -> 0.78889215
A10: Urad Dal | B10: =raw!C7/raw!B7 -> 1.1181578 | C10: =raw!F7/raw!E7 -> 1.0910234 | D10: =raw!I7/raw!H7 -> 1.0317171 | E10: =raw!D7/raw!C7 -> 0.90541426 | F10: =raw!G7/raw!F7 -> 0.91161855 | G10: =raw!J7/raw!I7 -> 0.94519414
A11: Moong Dal | B11: =raw!C8/raw!B8 -> 1.0697831 | C11: =raw!F8/raw!E8 -> 1.0454065 | D11: =raw!I8/raw!H8 -> 0.99770817 | E11: =raw!D8/raw!C8 -> 0.93370027 | F11: =raw!G8/raw!F8 -> 0.94796978 | G11: =raw!J8/raw!I8 -> 0.97611615
A12: Masoor Dal | B12: =raw!C9/raw!B9 -> 1.0141709 | C12: =raw!F9/raw!E9 -> 0.97920024 | D12: =raw!I9/raw!H9 -> 0.95815151 | E12: =raw!D9/raw!C9 -> 0.94473221 | F12: =raw!G9/raw!F9 -> 0.98545243 | G12: =raw!J9/raw!I9 -> 1.0031731
A13: Pulses and Products | B13: =AVERAGE(B8:B12) -> 1.1264674 | C13: =AVERAGE(C8:C12) -> 1.0974917 | D13: =AVERAGE(D8:D12) -> 1.024329 | E13: =AVERAGE(E8:E12) -> 0.89350072 | F13: =AVERAGE(F8:F12) -> 0.90525864 | G13: =AVERAGE(G8:G12) -> 0.93612911
A15: Sugar | B15: =raw!C10/raw!B10 -> 1.0430308 | C15: =raw!F10/raw!E10 -> 1.0371778 | D15: =raw!I10/raw!H10 -> 1.0335042 | E15: =raw!D10/raw!C10 -> 1.0239866 | F15: =raw!G10/raw!F10 -> 1.0304972 | G15: =raw!J10/raw!I10 -> 1.0312338
A16: Gur | B16: =raw!C18/raw!B18 -> 1.0675971 | C16: =raw!F18/raw!E18 -> 1.0571704 | D16: =raw!I18/raw!H18 -> 1.0426929 | E16: =raw!D18/raw!C18 -> 1.0175039 | F16: =raw!G18/raw!F18 -> 1.0261419 | G16: =raw!J18/raw!I18 -> 1.0350091
A17: Sugar and confectionary | B17: =AVERAGE(B15:B16) -> 1.0553139 | C17: =AVERAGE(C15:C16) -> 1.0471741 | D17: =AVERAGE(D15:D16) -> 1.0380986 | E17: =AVERAGE(E15:E16) -> 1.0207452 | F17: =AVERAGE(F15:F16) -> 1.0283195 | G17: =AVERAGE(G15:G16) -> 1.0331214
A19: Milk @ | B19: =raw!C11/raw!B11 -> 1.0233665 | C19: =raw!F11/raw!E11 -> 1.0229181 | D19: =raw!I11/raw!H11 -> 1.0081911 | E19: =raw!D11/raw!C11 -> 0.99682351 | F19: =raw!G11/raw!F11 -> 0.99768961 | G19: =raw!J11/raw!I11 -> 1.011363
A21: Groundnut Oil (Packed) | B21: =raw!C12/raw!B12 -> 0.99111952 | C21: =raw!F12/raw!E12 -> 0.96806607 | D21: =raw!I12/raw!H12 -> 0.94944628 | E21: =raw!D12/raw!C12 -> 0.99911452 | F21: =raw!G12/raw!F12 -> 1.0215097 | G21: =raw!J12/raw!I12 -> 1.0297532
A22: Mustard Oil (Packed) | B22: =raw!C13/raw!B13 -> 0.99873782 | C22: =raw!F13/raw!E13 -> 0.99653606 | D22: =raw!I13/raw!H13 -> 1.1176681 | E22: =raw!D13/raw!C13 -> 1.2726027 | F22: =raw!G13/raw!F13 -> 1.3394649 | G22: =raw!J13/raw!I13 -> 1.202722
A23: Vanaspati (Packed) | B23: =raw!C14/raw!B14 -> 0.9657715 | C23: =raw!F14/raw!E14 -> 0.95857166 | D23: =raw!I14/raw!H14 -> 1.0388624 | E23: =raw!D14/raw!C14 -> 1.2412288 | F23: =raw!G14/raw!F14 -> 1.2663166 | G23: =raw!J14/raw!I14 -> 1.1741159
A24: Oil and Fats | B24: =AVERAGE(B21:B23) -> 0.98520962 | C24: =AVERAGE(C21:C23) -> 0.97439127 | D24: =AVERAGE(D21:D23) -> 1.0353256 | E24: =AVERAGE(E21:E23) -> 1.170982 | F24: =AVERAGE(F21:F23) -> 1.2090971 | G24: =AVERAGE(G21:G23) -> 1.1355304
A25: Soya Oil (Packed) | B25: =raw!C15/raw!B15 -> 0.94546099 | C25: =raw!F15/raw!E15 -> 0.92916305 | D25: =raw!I15/raw!H15 -> 1.011541 | E25: =raw!D15/raw!C15 -> 1.1989937 | F25: =raw!G15/raw!F15 -> 1.2363486 | G25: =raw!J15/raw!I15 -> 1.1531774
A26: Sunflower Oil (Packed) | B26: =raw!C16/raw!B16 -> 0.93579265 | C26: =raw!F16/raw!E16 -> 0.93486557 | D26: =raw!I16/raw!H16 -> 1.053496 | E26: =raw!D16/raw!C16 -> 1.308102 | F26: =raw!G16/raw!F16 -> 1.3405164 | G26: =raw!J16/raw!I16 -> 1.2135777
A27: Palm Oil (Packed) | B27: =raw!C17/raw!B17 -> 0.95912885 | C27: =raw!F17/raw!E17 -> 0.95977248 | D27: =raw!I17/raw!H17 -> 1.0836516 | E27: =raw!D17/raw!C17 -> 1.3045365 | F27: =raw!G17/raw!F17 -> 1.3226767 | G27: =raw!J17/raw!I17 -> 1.1952894
A30: Tea Loose | B30: =raw!C19/raw!B19 -> 1.0023021 | C30: =raw!F19/raw!E19 -> 0.96175265 | D30: =raw!I19/raw!H19 -> 0.95038374 | E30: =raw!D19/raw!C19 -> 0.97879367 | F30: =raw!G19/raw!F19 -> 1.009367 | G30: =raw!J19/raw!I19 -> 1.0304317
A31: Salt Pack (Iodised) | B31: =raw!C20/raw!B20 -> 1.0285761 | C31: =raw!F20/raw!E20 -> 1.0043273 | D31: =raw!I20/raw!H20 -> 0.99053628 | E31: =raw!D20/raw!C20 -> 0.95125099 | F31: =raw!G20/raw!F20 -> 0.95968432 | G31: =raw!J20/raw!I20 -> 0.97042766
A32: Spices | B32: =AVERAGE(B30:B31) -> 1.0154391 | C32: =AVERAGE(C30:C31) -> 0.98303998 | D32: =AVERAGE(D30:D31) -> 0.97046001 | E32: =AVERAGE(E30:E31) -> 0.96502233 | F32: =AVERAGE(F30:F31) -> 0.98452569 | G32: =AVERAGE(G30:G31) -> 1.0004297
A34: Potato | B34: =raw!C21/raw!B21 -> 1.5651934 | C34: =raw!F21/raw!E21 -> 1.5345717 | D34: =raw!I21/raw!H21 -> 1.3316452 | E34: =raw!D21/raw!C21 -> 0.69846858 | F34: =raw!G21/raw!F21 -> 0.68642127 | G34: =raw!J21/raw!I21 -> 0.78404769
A35: Onion | B35: =raw!C22/raw!B22 -> 1.6760588 | C35: =raw!F22/raw!E22 -> 1.5087967 | D35: =raw!I22/raw!H22 -> 1.2334899 | E35: =raw!D22/raw!C22 -> 0.64079819 | F35: =raw!G22/raw!F22 -> 0.62596723 | G35: =raw!J22/raw!I22 -> 0.67349749
A36: Tomato | B36: =raw!C23/raw!B23 -> 0.63422887 | C36: =raw!F23/raw!E23 -> 0.50676742 | D36: =raw!I23/raw!H23 -> 0.99209132 | E36: =raw!D23/raw!C23 -> 0.64201315 | F36: =raw!G23/raw!F23 -> 1.0462001 | G36: =raw!J23/raw!I23 -> 1.0646778
A37: Vegetables | B37: =AVERAGE(B34:B36) -> 1.291827 | C37: =AVERAGE(C34:C36) -> 1.1833786 | D37: =AVERAGE(D34:D36) -> 1.1857421 | E37: =AVERAGE(E34:E36) -> 0.66042664 | F37: =AVERAGE(F34:F36) -> 0.78619619 | G37: =AVERAGE(G34:G36) -> 0.84074101

Sheet weights
A1: Component | B1: Weight | C1: Rescaled | D1: Rescaling (excluding fruits, fish and meat)
A2: Cereals and products | B2: 9.67 | C2: =(B2/$B$44) -> 0.24763124 | D2: =B2/$B$38 -> 0.30105853
A3: Rice | B3: 4.38
A4: Wheat | B4: 2.56
A5: Atta (Wheat)
A7: Pulses and products | B7: 2.38 | C7: =(B7/$B$44) -> 0.060947503 | D7: =B7/$B$38 -> 0.074097136
A8: Gram Dal
A9: Tur/Arhar Dal | B9: 0.8
A10: Urad Dal | B10: 0.27
A11: Moong Dal | B11: 0.35
A12: Masoor Dal | B12: 0.3
A14: Sugar & Confectionery | B14: 1.36 | C14: =(B14/$B$44) -> 0.034827145 | D14: =B14/$B$38 -> 0.04234122
A15: Sugar | B15: 1.13
A16: Gur | B16: 0.1
A18: Milk and products | B18: 6.61 | C18: =(B18/$B$44) -> 0.16927017 | D18: =B18/$B$38 -> 0.20579078
A19: Milk @ | B19: 6.42
A21: Oils and fats | B21: 3.56 | C21: =(B21/$B$44) -> 0.091165173 | D21: =B21/$B$38 -> 0.11083437
A22: Groundnut Oil (Packed) | B22: 0.33
A23: Mustard Oil (Packed) | B23: 1.33
A24: Vanaspati (Packed) | B24: 0.07
A25: Soya Oil (Packed)
A26: Sunflower Oil (Packed)
A27: Palm Oil (Packed)
A29: Spices | B29: 2.5 | C29: =(B29/$B$44) -> 0.064020487 | D29: =B29/$B$38 -> 0.077833126
A30: Tea Loose | B30: 0.96
A31: Salt Pack (Iodised) | B31: 0.16
A33: Vegetables | B33: 6.04 | C33: =(B33/$B$44) -> 0.1546735 | D33: =B33/$B$38 -> 0.18804483
A34: Potato | B34: 0.98
A35: Onion | B35: 0.64
A36: Tomato | B36: 0.57
A38: Constructed | B38: =SUM(B2,B7,B14,B18,B21,B29,B33) -> 32.12 | D38: =SUM(D2:D33) -> 1
A40: Fruits | B40: 2.89 | C40: =B40/B44 -> 0.074007682
A41: Meat and fish | B41: 3.61 | C41: =B41/B44 -> 0.092445583
A42: Egg | B42: 0.43 | C42: =B42/B44 -> 0.011011524
A44: CFPI | B44: =SUM(B33,B29,B21,B18,B14,B7,B2,B40,B41,B42) -> 39.05 | C44: =SUM(C33,C29,C21,C18,C14,C7,C2,C40,C41,C42) -> 1

Sheet index
B1: Growth
B2: 45474 | C2: 45505 | D2: 45536 | E2: 45839 | F2: 45870 | G2: 45901
A3: Cereals and Products | B3: =calc!B6*weights!$D2 -> 0.32061167 | C3: =calc!C6*weights!$D2 -> 0.31171661 | D3: =calc!D6*weights!$D2 -> 0.3097169 | E3: =calc!E6*weights!$D2 -> 0.29846229 | F3: =calc!F6*weights!$D2 -> 0.30430748 | G3: =calc!G6*weights!$D2 -> 0.30440611
A4: Pulses and Products | B4: =calc!B13*weights!$D7 -> 0.083468006 | C4: =calc!C13*weights!$D7 -> 0.081320992 | D4: =calc!D13*weights!$D7 -> 0.075899848 | E4: =calc!E13*weights!$D7 -> 0.066205844 | F4: =calc!F13*weights!$D7 -> 0.067077072 | G4: =calc!G13*weights!$D7 -> 0.069364486
A5: Sugar and confectionary | B5: =calc!B17*weights!$D14 -> 0.04468328 | C5: =calc!C17*weights!$D14 -> 0.04433863 | D5: =calc!D17*weights!$D14 -> 0.04395436 | E5: =calc!E17*weights!$D14 -> 0.043219599 | F5: =calc!F17*weights!$D14 -> 0.043540304 | G5: =calc!G17*weights!$D14 -> 0.043743623
A6: Milk @ | B6: =calc!B19*weights!$D18 -> 0.21059939 | C6: =calc!C19*weights!$D18 -> 0.21050711 | D6: =calc!D19*weights!$D18 -> 0.20747643 | E6: =calc!E19*weights!$D18 -> 0.20513709 | F6: =calc!F19*weights!$D18 -> 0.20531533 | G6: =calc!G19*weights!$D18 -> 0.20812918
A7: Oil and Fats | B7: =calc!B24*weights!$D21 -> 0.10919509 | C7: =calc!C24*weights!$D21 -> 0.10799604 | D7: =calc!D24*weights!$D21 -> 0.11474966 | E7: =calc!E24*weights!$D21 -> 0.12978505 | F7: =calc!F24*weights!$D21 -> 0.13400951 | G7: =calc!G24*weights!$D21 -> 0.1258558
A8: Spices | B8: =calc!B32*weights!$D29 -> 0.079034796 | C8: =calc!C32*weights!$D29 -> 0.076513074 | D8: =calc!D32*weights!$D29 -> 0.075533936 | E8: =calc!E32*weights!$D29 -> 0.075110704 | F8: =calc!F32*weights!$D29 -> 0.076628711 | G8: =calc!G32*weights!$D29 -> 0.077866569
A9: Vegetables | B9: =calc!B37*weights!$D33 -> 0.2429214 | C9: =calc!C37*weights!$D33 -> 0.22252823 | D9: =calc!D37*weights!$D33 -> 0.22297268 | E9: =calc!E37*weights!$D33 -> 0.12418982 | F9: =calc!F37*weights!$D33 -> 0.14784013 | G9: =calc!G37*weights!$D33 -> 0.158097
A10: CFPI | B10: =SUM(B3:B9) -> 1.0905136 | C10: =SUM(C3:C9) -> 1.0549207 | D10: =SUM(D3:D9) -> 1.0503038 | E10: =SUM(E3:E9) -> 0.9421104 | F10: =SUM(F3:F9) -> 0.97871854 | G10: =SUM(G3:G9) -> 0.98746276
B14: 45170 | C14: 45139 | D14: 45108 | E14: 45536 | F14: 45505 | G14: 45474
A15: CFPI (Official) | B15: 188.4 | C15: 192.5 | D15: 193.8 | E15: 205.8 | F15: 203.4 | G15: 204.3
A17: Forecasted | B17: 45536 | C17: 45505 | D17: 45474 | E17: 45901 | F17: 45870 | G17: 45839
B18: =B15*D10 -> 197.87724 | C18: =C10*C15 -> 203.07223 | D18: =D15*B10 -> 211.34154 | E18: =G10*E15 -> 203.21984 | F18: =F10*F15 -> 199.07135 | G18: =E10*G15 -> 192.47316
A20: Difference | B20: =B15-B18 -> -9.4772402 | C20: =C15-C18 -> -10.572233 | D20: =D15-D18 -> -17.54154 | E20: =E15-E18 -> 2.5801632 | F20: =F15-F18 -> 4.3286486 | G20: =G15-G18 -> 11.826844
A22: YoY changes | E22: =(E18-B18)/B18*100 -> 2.6999551 | F22: =(F18-C18)/C18*100 -> -1.9701765 | G22: =(G18-D18)/D18*100 -> -8.9279109
A23: Official | F23: -0.69 | G23: -1.76

Sheet fruits, meat and eggs
B1: Official
B2: 45809 | C2: 45839 | D2: 45870
A3: Fruits | B3: 207.6 | C3: 213.5 | D3: 213.7
A4: Meat and Fish | B4: 230.8 | C4: 229.3 | D4: 226.6
A5: Egg | B5: 194.9 | C5: 198.6 | D5: 195.2
B7: Growth Factor
B8: 45809 | C8: 45839 | D8: 45870
A9: Fruits | B9: 0.076763485 | C9: 0.084857724 | D9: 0.05270936
A10: Meat and Fish | B10: 0.028520499 | C10: 0.030098832 | D10: 0.02210194
A11: Egg | B11: -0.061087061 | C11: 0.0086338243 | D11: 0.040576615
B13: Calculated
B14: 45901 | C14: 45870 | D14: 45839
A15: Fruits | B15: =D3*(1+D9) -> 224.96399 | C15: =C3*(1+C9) -> 231.61712 | D15: =B3*(1+B9) -> 223.5361
A16: Meat and Fish | B16: =D4*(1+D10) -> 231.6083 | C16: =C4*(1+C10) -> 236.20166 | D16: =B4*(1+B10) -> 237.38253
A17: Egg | B17: =D5*(1+D11) -> 203.12056 | C17: =C5*(1+C11) -> 200.31468 | D17: =B5*(1+B11) -> 182.99413
